name,nationality
Adrie,Dutch
Aleen,Dutch
Alene,Dutch
Alida,Dutch
Alina,Dutch
Aline,Dutch
Ambrosius,Dutch
Anika,Dutch
Anke,Dutch
Anki,Dutch
Annemie,Dutch
Arabella,Dutch
Barend,Dutch
Bartholomeus,Dutch
Basilius,Dutch
Berg,Dutch
Betje,Dutch
Bleecker,Dutch
Bonifacius,Dutch
Bram,Dutch
Brandy,Dutch
Britt,Dutch
Cecilius,Dutch
Claudios,Dutch
Clementius,Dutch
Dael,Dutch
Dedrick,Dutch
Dehaan,Dutch
Deman,Dutch
Devisser,Dutch
Devoss,Dutch
Devries,Dutch
Dewitt,Dutch
Dirck,Dutch
Dirk,Dutch
Dwight,Dutch
Edda,Dutch
Egidius,Dutch
Elmo,Dutch
Espen,Dutch
Eugenius,Dutch
Eustatius,Dutch
Everhart,Dutch
Francisca,Dutch
Garritt,Dutch
GeldeFsman,Dutch
Gerrit,Dutch
Gerritt,Dutch
Gnishilda,Dutch
Godewyn,Dutch
Gottfried,Dutch
Gotthard,Dutch
Gregor,Dutch
Griseldis,Dutch
Grishilde,Dutch
Groot,Dutch
Gust,Dutch
Gusta,Dutch
Hank,Dutch
Hans,Dutch
Hansen,Dutch
Hanson,Dutch
Hendrika,Dutch
Henrick,Dutch
Herold,Dutch
Issac,Dutch
Izaac,Dutch
Jan,Dutch
Jan,Dutch
Jansen,Dutch
Jen,Dutch
Jilt,Dutch
Kaatje,Dutch
Kalie,Dutch
Karel,Dutch
Koenraad,Dutch
Kort,Dutch
Krisoijn,Dutch
Kyler,Dutch
Lang,Dutch
Lange,Dutch
Larry,Dutch
Lars,Dutch
Larz,Dutch
Laurens,Dutch
Lauritz,Dutch
Lien,Dutch
Lina,Dutch
Maarten,Dutch
Mahault,Dutch
Marien,Dutch
Markos,Dutch
Markus,Dutch
Marysa,Dutch
Maryse,Dutch
Michel,Dutch
Mina,Dutch
Mogens,Dutch
Nelleke,Dutch
Nerve,Dutch
Nicolaas,Dutch
Noach,Dutch
Pauel,Dutch
Paulsen,Dutch
Pieter,Dutch
Rikke,Dutch
Rikki,Dutch
Roosevelt,Dutch
Rozamond,Dutch
Rutger,Dutch
Ryker,Dutch
Schuyler,Dutch
Schuyler,Dutch
Schylar,Dutch
Schyler,Dutch
Schyler,Dutch
Sibylla,Dutch
Skye,Dutch
Skyla,Dutch
Skylar,Dutch
Smedt,Dutch
Smid,Dutch
Smit,Dutch
Sofie,Dutch
Stille,Dutch
Sybylla,Dutch
Ten Eyck,Dutch
Ter Heide,Dutch
Theodorus,Dutch
Tiebout,Dutch
Tryne,Dutch
Van,Dutch
Van,Dutch
Van,Dutch
Van Aken,Dutch
Van Ness,Dutch
Vandenberg,Dutch
Vanderbilt,Dutch
Vanderpool,Dutch
Ven,Dutch
Verbnigge,Dutch
Vogel,Dutch
Vromme,Dutch
Vsn Eych,Dutch
Vsnderveer,Dutch
Vsndyke,Dutch
Wagner,Dutch
Wevers,Dutch
Wigburg,Dutch
Wilhelmina,Dutch
Willem,Dutch
Wilma,Dutch
Wit,Dutch
Woudman,Dutch
Zeeman,Dutch
A-gun,Thai
A-wut,Thai
Aat,Thai
Aawut,Thai
Achara,Thai
Adranuch,Thai
Ambhom,Thai
Anada,Thai
Ananada,Thai
Anchali,Thai
Anuman,Thai
Anurak,Thai
Apasra,Thai
Apsara,Thai
Aran,Thai
Aroon,Thai
Asnee,Thai
Atid,Thai
Benjakalyani,Thai
Boon-Mee,Thai
Boon-Nam,Thai
Boribun,Thai
Bun Ma,Thai
Buppha,Thai
Busaba,Thai
Bussaba,Thai
Chaem Choi,Thai
Chai Charoen,Thai
Chai Son,Thai
Chailai,Thai
Chaisai,Thai
Chaisee,Thai
Chaiya,Thai
Chaiyo,Thai
Chakan,Thai
Chalerm,Thai
Chalermchai,Thai
Chalermwan,Thai
Chaloem,Thai
Chaloem Chai,Thai
Channarong,Thai
Chantana,Thai
Chanthira,Thai
Chao Fah,Thai
Charanya,Thai
Chariya,Thai
Charn Chai,Thai
Charoen,Thai
Charoen,Thai
Charoenrasamee,Thai
Charong,Thai
Charunee,Thai
Chatalerm,Thai
Chatchada,Thai
Chatchom,Thai
Chatmanee,Thai
Chatrasuda,Thai
Chatri,Thai
Chaveevan,Thai
Chayan,Thai
Chet,Thai
Chimlin,Thai
Chinda,Thai
Chintana,Thai
Chirawan,Thai
Chomechai,Thai
Chomesri,Thai
Chompoo,Thai
Chongrak,Thai
Choochai,Thai
Chuachai,Thai
Chuachan,Thai
Chuanchen,Thai
Chuasiri,Thai
Chuenchai,Thai
Chula,Thai
Chulamai,Thai
Churai,Thai
Dao,Thai
Dara,Thai
Daw,Thai
Decha,Thai
Dok Mai,Thai
Dok Phi Sua,Thai
Dok Rak,Thai
Dok-Ban-Yen,Thai
Dusadi,Thai
Fa Ying,Thai
Han,Thai
Hansa,Thai
Hanuman,Thai
Hom,Thai
Isra,Thai
Ittiporn,Thai
Kaew,Thai
Kalaya,Thai
Kamala,Thai
Kamlai,Thai
Kamnan,Thai
Kanchana,Thai
Kannika,Thai
Kanok,Thai
Kanya,Thai
Karawek,Thai
Karnchana,Thai
Kasem,Thai
Kasemchai,Thai
Khemkhaeng,Thai
Khiew Wan,Thai
Khun Mae,Thai
Kiet,Thai
Kit,Thai
Kitti,Thai
Kittibun,Thai
Kittichai,Thai
Kittichat,Thai
Kla,Thai
Kla Han,Thai
Klaew Kla,Thai
Klahan,Thai
Kob Chai,Thai
Kob Khun,Thai
Kob Sinn,Thai
Kob Sook,Thai
Kohsoom,Thai
Kosum,Thai
Kovit,Thai
Kraisee,Thai
Kraisingha,Thai
Kriang Krai,Thai
Kriang Sak,Thai
Kris,Thai
Kukrit,Thai
Kulap,Thai
Kusa,Thai
Kwanchai,Thai
Kwang,Thai
Kwanjai,Thai
Lamai,Thai
Lamon,Thai
Lawan,Thai
Lek,Thai
Madee,Thai
Mae Noi,Thai
Malee,Thai
Mali,Thai
Malivalaya,Thai
Maliwan,Thai
Mani,Thai
Mayuree,Thai
Mee Noi,Thai
Mekhala,Thai
Mongkut,Thai
Muan Nang,Thai
Narong,Thai
Ngam-Chit,Thai
Ngoen,Thai
Nin,Thai
Niran,Thai
Nong Yao,Thai
On,Thai
On Choi,Thai
Paitoon,Thai
Pakpao,Thai
Pen-Chan,Thai
Pensri,Thai
Phaibun,Thai
Phailin,Thai
Phairoh,Thai
Phanumas,Thai
Phassakorn,Thai
Phawta,Thai
Phet,Thai
Phichai,Thai
Phichit,Thai
Phitsamai,Thai
Phloi,Thai
Phueng,Thai
Pichai,Thai
Pimchan,Thai
Piyabutr,Thai
Prasert,Thai
Pravat,Thai
Prayut,Thai
Pricha,Thai
Prija,Thai
Prisana,Thai
Pu Yai Bahn,Thai
Puenthai,Thai
Pundit,Thai
Rama,Thai
Ratana,Thai
Ratanaporn,Thai
Ritthirong,Thai
Rochana,Thai
Rom Ran,Thai
Ruang Rit,Thai
Ruang Sak,Thai
Runrot,Thai
Saengdao,Thai
Sajja,Thai
Sakda,Thai
Samorn,Thai
San'ya,Thai
Sanan Nam,Thai
Sanoh,Thai
Sanouk,Thai
Santichai,Thai
Sanun,Thai
Sap,Thai
Sarai,Thai
Sarakit,Thai
Sataheep,Thai
Satra,Thai
Sawatdi,Thai
Seni,Thai
Si,Thai
Si Fah,Thai
Si Mok,Thai
Sin,Thai
Sinn,Thai
Solada,Thai
Som,Thai
Som Chai,Thai
Som Kid,Thai
Som Phon,Thai
Som Phong,Thai
Som Wang,Thai
Somchair,Thai
Son Chai,Thai
Sonchai,Thai
Songsuda,Thai
Sopa,Thai
Sroy,Thai
Su Suk,Thai
Suchada,Thai
Suchin,Thai
Sud,Thai
Sud Saming,Thai
Suda,Thai
Sukhon,Thai
Sukonta,Thai
Sum,Thai
Sumalee,Thai
Sumana,Thai
Sumatra,Thai
Sunan,Thai
Sunee,Thai
Sunstra,Thai
Sunti,Thai
Sup,Thai
Taeng,Thai
Tansanee,Thai
Tha Kai Bok,Thai
Thahan,Thai
Thai,Thai
Thaklaew,Thai
Tham-Boon,Thai
Thanom,Thai
Thapthim,Thai
Thinnakorn,Thai
Thong,Thai
Thong Daeng,Thai
Thong Dam,Thai
Thong Di,Thai
Thong Khao,Thai
Thong Kon,Thai
Thong Thaem,Thai
Thong Thaeng,Thai
Thong Thao,Thai
Thuanthong,Thai
Ti Nung Cha,Thai
Tida,Thai
Totsaken,Thai
Tukata,Thai
Ubol,Thai
Udom,Thai
Vanida,Thai
Vidura,Thai
Virote,Thai
Waan,Thai
Waen,Thai
Wila,Thai
Winai,Thai
Wipa,Thai
Xuwicha,Thai
Ya Chai,Thai
Yindee,Thai
Ying,Thai
Yod Rak,Thai
Yong-Yut,Thai
Yu-Pha,Thai
Yu-Phin,Thai
Yuthakon,Thai
Adrik,Russian
Akim,Russian
Aksana,Russian
Alek,Russian
Aleksandr,Russian
Aleksi,Russian
Aleksis,Russian
Alexei,Russian
Alexis,Russian
Alik,Russian
Aloyoshenka,Russian
Aloysha,Russian
Anatolii,Russian
Andrei,Russian
Andrusha,Russian
Andrya,Russian
Antinko,Russian
Anton,Russian
Antosha,Russian
Arman,Russian
Baran,Russian
Berdy,Russian
Bogdashha,Russian
Bohdan,Russian
Bohdana,Russian
Bolodenka,Russian
Boris,Russian
Borya,Russian
Boryenka,Russian
Brends,Russian
Brody,Russian
Burian,Russian
Cheslav,Russian
Cyzarine,Russian
Czar,Russian
Danya,Russian
Dema,Russian
Dima,Russian
Dimitre,Russian
Dimitri,Russian
Dimitrios,Russian
Dimitry,Russian
Dmitr,Russian
Dmitri,Russian
Edik,Russian
Egor,Russian
Evgenii,Russian
Fabi,Russian
Faddei,Russian
Fadeaushka,Russian
Fadeuka,Russian
Fadey,Russian
Fadeyka,Russian
Fayina,Russian
Fedor,Russian
Fedya,Russian
Fedyenka,Russian
Feliks,Russian
Filip,Russian
Fjodor,Russian
Foma,Russian
Fredek,Russian
Fyodor,Russian
Galina,Russian
Ganya,Russian
Gav,Russian
Gavrel,Russian
Gavrie,Russian
Gavril,Russian
Gavrilovich,Russian
Gregori,Russian
Grigor,Russian
Grigori,Russian
Grigorii,Russian
Grisha,Russian
Hedeon,Russian
Helge,Russian
Igor,Russian
Igoryok,Russian
Ilya,Russian
Irina,Russian
Ivan,Russian
Ivanhoe,Russian
Ivano,Russian
Jasha,Russian
Jeirgif,Russian
Jelena,Russian
Jermija,Russian
Jov,Russian
Jurg,Russian
Karol,Russian
Karolek,Russian
Khristine,Russian
Kiril,Russian
Kiryl,Russian
Kisa,Russian
Kiska,Russian
Kolenka,Russian
Kolya,Russian
Konstantine,Russian
Kostenka,Russian
Kostya,Russian
Laurente,Russian
Lenya,Russian
Leonide,Russian
Lesta,Russian
Lev,Russian
Levka,Russian
Levushka,Russian
loakim,Russian
lov,Russian
Luka,Russian
Lukasha,Russian
Lukyan,Russian
Lyonechka,Russian
Lyonya,Russian
Maks,Russian
Maksimillian,Russian
Marina,Russian
Marko,Russian
Markov,Russian
Matvey,Russian
Matysh,Russian
Maxim,Russian
Michail,Russian
Mikhail,Russian
Mischa,Russian
Misha,Russian
Mishe,Russian
Mishenka,Russian
Moriz,Russian
Motka,Russian
Nicolai,Russian
Nika,Russian
Nikita,Russian
Nikolai,Russian
Oksana,Russian
Oleg,Russian
Olezka,Russian
Olga,Russian
Ony,Russian
Oral,Russian
Orel,Russian
Orell,Russian
Oriel,Russian
Orrel,Russian
Pabiyan,Russian
Pashenka,Russian
Pavel,Russian
PavIpv,Russian
Pavla,Russian
Pavlik,Russian
Pavlo,Russian
Pavlusha,Russian
Pavlushka,Russian
Pavlushshenka,Russian
Pavlya,Russian
Petenka,Russian
Petrov,Russian
Petya,Russian
Pyotr,Russian
Roman,Russian
Romochka,Russian
Rurik,Russian
Sacha,Russian
Sanya,Russian
Sasha,Russian
Sashenka,Russian
Semyon,Russian
Serge,Russian
Sergei,Russian
Serguei,Russian
Seriozha,Russian
Seriozhenka,Russian
Shashenka,Russian
Shura,Russian
Shurik,Russian
Shurochka,Russian
Slavik,Russian
Sonia,Russian
Stanislov,Russian
Stefan,Russian
Stephan,Russian
Stepka,Russian
Svetlana,Russian
Tamryn,Russian
Tanya,Russian
Tasha,Russian
Tolenka,Russian
Tolya,Russian
Tosya,Russian
Tusya,Russian
Vadim,Russian
Valerii,Russian
Valerik,Russian
Vanechka,Russian
Vania,Russian
Vanya,Russian
Vanyusha,Russian
Vas,Russian
Vasilii,Russian
Vassi,Russian
Vassily,Russian
Vasya,Russian
Viktor,Russian
Vitenka,Russian
Vladik,Russian
Vladilen,Russian
Vladislav,Russian
Vladmir,Russian
Vladmiri,Russian
Vladya,Russian
Volody,Russian
Vyacheslav,Russian
Yakov,Russian
Yaremka,Russian
Yasha,Russian
Yerik,Russian
Yeva,Russian
Yura,Russian
Yuri,Russian
Yurii,Russian
Yurik,Russian
Yurochka,Russian
Zhenechka,Russian
Zhenya,Russian
Zhorah,Russian
Ziven,Russian
Zivon,Russian
Zory,Russian
Ah Cy,Chinese
Ah Kum,Chinese
Ah Lam,Chinese
Ai,Chinese
Aiguo,Chinese
An,Chinese
An,Chinese
Bai,Chinese
Bao,Chinese
Bao,Chinese
Baozhai,Chinese
Bingwen,Chinese
Biyu,Chinese
Bo,Chinese
Bo,Chinese
Bohai,Chinese
Bojing,Chinese
Bolin,Chinese
Boqin,Chinese
Changchang,Chinese
Changming,Chinese
Changpu,Chinese
Changying,Chinese
Chao,Chinese
Chaoxiang,Chinese
Chen,Chinese
Cheng,Chinese
Chenglei,Chinese
Chenguang,Chinese
China,Chinese
Chongan,Chinese
Chongkun,Chinese
Chonglin,Chinese
Chu Hua,Chinese
Chuanli,Chinese
Chunhua,Chinese
Chuntao,Chinese
Chyou,Chinese
Cuifen,Chinese
Da,Chinese
Dai,Chinese
Daiyu,Chinese
Dandan,Chinese
Delun,Chinese
Deming,Chinese
Dingbang,Chinese
Dingxiang,Chinese
Dong,Chinese
Donghai,Chinese
Dongmei,Chinese
Duyi,Chinese
Ehuang,Chinese
Enlai,Chinese
Fa,Chinese
Fai,Chinese
Fang,Chinese
Fang,Chinese
Fenfang,Chinese
Feng,Chinese
Fengge,Chinese
Fu,Chinese
Fuhua,Chinese
Gan,Chinese
Gang,Chinese
Geming,Chinese
Gen,Chinese
Genghis,Chinese
Genji,Chinese
Guang,Chinese
Guangli,Chinese
Gui,Chinese
Guiren,Chinese
Guoliang,Chinese
Guotin,Chinese
Guowei,Chinese
Guozhi,Chinese
Hai,Chinese
He,Chinese
Heng,Chinese
Heng,Chinese
Ho,Chinese
Hong,Chinese
Hong,Chinese
Honghui,Chinese
Hongqi,Chinese
Hop,Chinese
Howin,Chinese
Hu,Chinese
Hua,Chinese
Hualing,Chinese
Huan,Chinese
Huan,Chinese
Huang Fu,Chinese
Hui,Chinese
Huian,Chinese
Huidai,Chinese
Huifang,Chinese
Huifen,Chinese
Huilang,Chinese
Huiliang,Chinese
Huiqing,Chinese
Huizhong,Chinese
Hulin,Chinese
Hung,Chinese
Huojin,Chinese
Jaw-Long,Chinese
Jia,Chinese
Jian,Chinese
Jiang,Chinese
Jianguo,Chinese
Jianjun,Chinese
Jianyu,Chinese
Jiao,Chinese
Jiayi,Chinese
Jiaying,Chinese
Jie,Chinese
Jin,Chinese
Jing,Chinese
Jing,Chinese
Jingguo,Chinese
Jinghua,Chinese
Jinhai,Chinese
Jinjing,Chinese
Juan,Chinese
Jun,Chinese
Junjie,Chinese
Kang,Chinese
Kong,Chinese
Kueng,Chinese
Lan,Chinese
Lanying,Chinese
Lee,Chinese
Li,Chinese
Li,Chinese
Lian,Chinese
Liang,Chinese
Lien,Chinese
Lihua,Chinese
Lijuan,Chinese
Liling,Chinese
Lin,Chinese
Ling,Chinese
Linh,Chinese
Liqiu,Chinese
Liu,Chinese
Liwei,Chinese
Lok,Chinese
Longwei,Chinese
Luli,Chinese
Mani,Chinese
Mei,Chinese
Meifeng,Chinese
Meihui,Chinese
Meilin,Chinese
Meirong,Chinese
Meixiu,Chinese
Meiying,Chinese
Mingli,Chinese
Mingmei,Chinese
Mingxia,Chinese
Mingyu,Chinese
Minsheng,Chinese
Minzhe,Chinese
Ning,Chinese
Ninghong,Chinese
Nuo,Chinese
Nuwa,Chinese
On,Chinese
Park,Chinese
Peizhi,Chinese
Peng,Chinese
Ping,Chinese
Ping,Chinese
Qi,Chinese
Qianfan,Chinese
Qiang,Chinese
Qiao,Chinese
Qiaolian,Chinese
Qing,Chinese
Qingling,Chinese
Qingshan,Chinese
Qingzhao,Chinese
Qiqiang,Chinese
Qiu,Chinese
Qiu,Chinese
Quan,Chinese
Quon,Chinese
Renshu,Chinese
Renxiang,Chinese
Rong,Chinese
Rou,Chinese
Ru,Chinese
Ruolan,Chinese
Ruomei,Chinese
Shaiming,Chinese
Shan,Chinese
Shanyuan,Chinese
Shen,Chinese
Shi,Chinese
Shing,Chinese
Shirong,Chinese
Shoi-Ming,Chinese
Shu,Chinese
Shuang,Chinese
Shun,Chinese
Shunyuan,Chinese
Siyu,Chinese
Song,Chinese
Suyin,Chinese
Sying,Chinese
Taiwan,Chinese
Tao,Chinese
Tao,Chinese
Tengfei,Chinese
Ting,Chinese
Tingzhe,Chinese
Tu,Chinese
Tung,Chinese
Ushi,Chinese
Wang,Chinese
Weici,Chinese
Weimin,Chinese
Weisheng,Chinese
Weiyuan,Chinese
Wen,Chinese
Wencheng,Chinese
Wenqian,Chinese
Wenyan,Chinese
Wing,Chinese
Wuzhou,Chinese
Xiang,Chinese
Xiang,Chinese
Xiaobo,Chinese
Xiaodan,Chinese
Xiaofan,Chinese
Xiaohui,Chinese
Xiaojian,Chinese
Xiaojing,Chinese
Xiaolian,Chinese
Xiaoling,Chinese
Xiaosheng,Chinese
Xiaosheng,Chinese
Xiaotong,Chinese
Xiaowen,Chinese
Xiaozhi,Chinese
Xiasheng,Chinese
Xin,Chinese
Xing,Chinese
Xiu,Chinese
Xiu,Chinese
Xiulan,Chinese
Xiurong,Chinese
Xue,Chinese
Xue,Chinese
Xueqin,Chinese
Xueyou,Chinese
Yan,Chinese
Yang,Chinese
Yanlin,Chinese
Yanlin,Chinese
Yanyu,Chinese
Yaochuan,Chinese
Yaozu,Chinese
Ye,Chinese
Yenay,Chinese
Yi,Chinese
Ying,Chinese
Yingjie,Chinese
Yingtai,Chinese
Yong,Chinese
Yongnian,Chinese
Yongrui,Chinese
You,Chinese
Yu,Chinese
Yuan,Chinese
Yuanjun,Chinese
Yue,Chinese
Yuming,Chinese
Yunru,Chinese
Yunxu,Chinese
Yusheng,Chinese
Zedong,Chinese
Zengguang,Chinese
Zenguang,Chinese
Zhaohui,Chinese
Zhen,Chinese
Zhengsheng,Chinese
Zhensheng,Chinese
Zhenzhen,Chinese
Zhilan,Chinese
Zhiqiang,Chinese
Zhong,Chinese
Zhu,Chinese
Zi,Chinese
Zian,Chinese
Zihao,Chinese
Zixin,Chinese
Zongmeng,Chinese
Zongying,Chinese
Abela,Hawaiian
Aberahama,Hawaiian
Aberama,Hawaiian
Abesaloma,Hawaiian
Abia,Hawaiian
Abiram,Hawaiian
Abisai,Hawaiian
Adamu,Hawaiian
Aderiela,Hawaiian
Adiriano,Hawaiian
Adiriano,Hawaiian
Adoniia,Hawaiian
Ahimeleka,Hawaiian
Ailani,Hawaiian
Akamu,Hawaiian
Akela,Hawaiian
Akela,Hawaiian
Akeliela,Hawaiian
Akiliano,Hawaiian
Akiliano,Hawaiian
Akoniia,Hawaiian
Alaka'i,Hawaiian
Alana,Hawaiian
Alapai,Hawaiian
Alebana,Hawaiian
Aleferede,Hawaiian
Aleka,Hawaiian
Alekandero,Hawaiian
Alekanekelo,Hawaiian
Alekona,Hawaiian
Alemana,Hawaiian
Alepana,Hawaiian
Alepeleke,Hawaiian
Aletona,Hawaiian
Alevina,Hawaiian
Alewina,Hawaiian
Aliimalu,Hawaiian
Alika,Hawaiian
Alohalani,Hawaiian
Alohilani,Hawaiian
Aloiki,Hawaiian
Aloisi,Hawaiian
Amana,Hawaiian
Amoka,Hawaiian
Amosa,Hawaiian
Anadar,Hawaiian
Anakale,Hawaiian
Anakelea,Hawaiian
Anakoni,Hawaiian
Anani,Hawaiian
Anederea,Hawaiian
Anuenue Akua,Hawaiian
Apekaloma,Hawaiian
Apela,Hawaiian
Apelahama,Hawaiian
Apelama,Hawaiian
Apia,Hawaiian
Apikai,Hawaiian
Apilama,Hawaiian
Aremana,Hawaiian
Asera,Hawaiian
Augate,Hawaiian
Auguseto,Hawaiian
Augutino,Hawaiian
Aukai,Hawaiian
Aukake,Hawaiian
Aukukeko,Hawaiian
Aukukino,Hawaiian
Aulelio,Hawaiian
Aurelio,Hawaiian
Bane,Hawaiian
Ebena,Hawaiian
Edega,Hawaiian
Edemona,Hawaiian
Edumona,Hawaiian
Edwada,Hawaiian
Ekana,Hawaiian
Ekeka,Hawaiian
Ekekiela,Hawaiian
Ekela,Hawaiian
Ekemona,Hawaiian
Ekewaka,Hawaiian
Ekualo,Hawaiian
Ekumena,Hawaiian
Elenek,Hawaiian
Elta,Hawaiian
Eneki,Hawaiian
Eneti,Hawaiian
Enoka,Hawaiian
Epelaima,Hawaiian
Epena,Hawaiian
Eperaima,Hawaiian
Ereneti,Hawaiian
Etana,Hawaiian
Eukakio,Hawaiian
Eukepio,Hawaiian
Eusebio,Hawaiian
Eutakio,Hawaiian
Ezekiela,Hawaiian
Ezera,Hawaiian
Haimi,Hawaiian
Haleigha,Hawaiian
Halia,Hawaiian
Iolana,Hawaiian
Kahoku,Hawaiian
Kai,Hawaiian
Kai,Hawaiian
Kaia,Hawaiian
Kaila,Hawaiian
Kaila,Hawaiian
Kailani,Hawaiian
Kaili,Hawaiian
Kaimi,Hawaiian
Kalama,Hawaiian
Kalani,Hawaiian
Kalani,Hawaiian
Kalanie,Hawaiian
Kale,Hawaiian
Kalea,Hawaiian
Kalei,Hawaiian
Kalena,Hawaiian
Kali,Hawaiian
Kaloni,Hawaiian
Kamea,Hawaiian
Kameo,Hawaiian
Kana,Hawaiian
Kani,Hawaiian
Kanoa,Hawaiian
Keala,Hawaiian
Keandra,Hawaiian
Keiki,Hawaiian
Keilana,Hawaiian
Keilani,Hawaiian
Kekona,Hawaiian
Keoki,Hawaiian
Keona,Hawaiian
Keoni,Hawaiian
Kiana,Hawaiian
Kiele,Hawaiian
Kimo,Hawaiian
Koi,Hawaiian
Konane,Hawaiian
Lala,Hawaiian
Lana,Hawaiian
Lani,Hawaiian
Lanikai,Hawaiian
Lea,Hawaiian
Leia,Hawaiian
Leilani,Hawaiian
Leilani,Hawaiian
Lokelani,Hawaiian
lolana,Hawaiian
Loni,Hawaiian
Luana,Hawaiian
Mahina,Hawaiian
Makani,Hawaiian
Malana,Hawaiian
Malia,Hawaiian
Malina,Hawaiian
Malu,Hawaiian
Mano,Hawaiian
Maylea,Hawaiian
Meka,Hawaiian
Mekia,Hawaiian
Melia,Hawaiian
Mikil,Hawaiian
Miliani,Hawaiian
Mily,Hawaiian
Nalani,Hawaiian
Nana,Hawaiian
Nani,Hawaiian
Noe,Hawaiian
Noelani,Hawaiian
Okelani,Hawaiian
Ola,Hawaiian
Oliana,Hawaiian
Olina,Hawaiian
Oline,Hawaiian
Peni,Hawaiian
Roselani,Hawaiian
Aba,Hungarian
Adelbert,Hungarian
Adojan,Hungarian
Adony,Hungarian
Agoston,Hungarian
Albert,Hungarian
Aliz,Hungarian
Ambrus,Hungarian
Andor,Hungarian
Arpad,Hungarian
Asztrik,Hungarian
Atilla,Hungarian
Bajnok,Hungarian
Bars,Hungarian
Bartalan,Hungarian
Becse,Hungarian
Bela,Hungarian
Bence,Hungarian
Benci,Hungarian
Beriszl,Hungarian
Bod,Hungarian
Bodi,Hungarian
Bodor,Hungarian
Boldizsar,Hungarian
Botond,Hungarian
Csaba,Hungarian
Cseke,Hungarian
Csenger,Hungarian
Csepel,Hungarian
Csombor,Hungarian
Csongor,Hungarian
Dacso,Hungarian
Deco,Hungarian
Deli,Hungarian
Domokos,Hungarian
Egyed,Hungarian
Elek,Hungarian
Endre,Hungarian
Ervin,Hungarian
Farkas,Hungarian
Ferenc,Hungarian
Ferko,Hungarian
Fodor,Hungarian
Folkus,Hungarian
Fredek,Hungarian
Frigyes,Hungarian
Fulop,Hungarian
Gabor,Hungarian
Gara,Hungarian
Gazsi,Hungarian
Gedeon,Hungarian
Gergo,Hungarian
Gerzson,Hungarian
Gyala,Hungarian
Gyula,Hungarian
Gyurka,Hungarian
Gyuszi,Hungarian
Hont,Hungarian
Huba,Hungarian
Hunor,Hungarian
Ildiko,Hungarian
Ilona,Hungarian
Imre,Hungarian
Istvan,Hungarian
Izsak,Hungarian
Jenci,Hungarian
Jolan,Hungarian
Joska,Hungarian
Jozsef,Hungarian
Jozsi,Hungarian
Kada,Hungarian
Kadosa,Hungarian
Kalman,Hungarian
Kaplony,Hungarian
Kapolcs,Hungarian
Kardos,Hungarian
Karsa,Hungarian
Kartal,Hungarian
Keled,Hungarian
Keleman,Hungarian
Kelemen,Hungarian
Kellman,Hungarian
Kemenes,Hungarian
Kende,Hungarian
Kerecsen,Hungarian
Keve,Hungarian
Kolos,Hungarian
Kont,Hungarian
Kristof,Hungarian
Kund,Hungarian
László,Hungarian
Lél,Hungarian
Lõrinc,Hungarian
Laborc,Hungarian
Ladomér,Hungarian
Lantos,Hungarian
Laszlo,Hungarian
Lehel,Hungarian
Levente,Hungarian
Lipót,Hungarian
Loránd,Hungarian
Lorant,Hungarian
Lorencz,Hungarian
Lukacs,Hungarian
Mór,Hungarian
Marót,Hungarian
Margo,Hungarian
Markos,Hungarian
Markus,Hungarian
Marton,Hungarian
Medárd,Hungarian
Megyer,Hungarian
Menyhért,Hungarian
Miksa,Hungarian
Milán,Hungarian
Moricz,Hungarian
Mozes,Hungarian
Nándor,Hungarian
Neci,Hungarian
Nyék,Hungarian
Odön,Hungarian
Odon,Hungarian
Oguz,Hungarian
Ompoly,Hungarian
Ond,Hungarian
Orbán,Hungarian
Orkény,Hungarian
Ormos,Hungarian
Ors,Hungarian
Oszkar,Hungarian
Oszlár,Hungarian
Ozor,Hungarian
Ozséb,Hungarian
Ozsvát,Hungarian
Pázmán,Hungarian
Patony,Hungarian
Pellegrin,Hungarian
Pentele,Hungarian
Peterke,Hungarian
Pista,Hungarian
Pisti,Hungarian
Piusz,Hungarian
Poldi,Hungarian
Pongor,Hungarian
Rókus,Hungarian
Radomér,Hungarian
Regõ,Hungarian
Rendor,Hungarian
Rez,Hungarian
Rezsõ,Hungarian
Rikard,Hungarian
Robi,Hungarian
Sólyom,Hungarian
Samuka,Hungarian
Sandor,Hungarian
Sebes,Hungarian
Sebestyen,Hungarian
Sebo,Hungarian
Solt,Hungarian
Soma,Hungarian
Surány,Hungarian
Szólát,Hungarian
Szabolcs,Hungarian
Szalók,Hungarian
Szemere,Hungarian
Szervác,Hungarian
Szescõ,Hungarian
Szevér,Hungarian
Szilárd,Hungarian
Tétény,Hungarian
Tabor,Hungarian
Taksony,Hungarian
Tarcal,Hungarian
Tardos,Hungarian
Tarján,Hungarian
Tas,Hungarian
Tihamér,Hungarian
Titusz,Hungarian
Tivadar,Hungarian
Tomaj,Hungarian
Ubul,Hungarian
Ugod,Hungarian
Ugor,Hungarian
Upor,Hungarian
Uros,Hungarian
Uzor,Hungarian
Várkony,Hungarian
Vázsony,Hungarian
Varsàny,Hungarian
Vayk,Hungarian
Vencel,Hungarian
Vidor,Hungarian
Viktor,Hungarian
Vincze,Hungarian
Vitéz,Hungarian
Zádor,Hungarian
Zágon,Hungarian
Zámor,Hungarian
Zétény,Hungarian
Zajzon,Hungarian
Zalán,Hungarian
Zaránd,Hungarian
Zekö,Hungarian
Zerind,Hungarian
Zigana,Hungarian
Zizi,Hungarian
Zoárd,Hungarian
Zobor,Hungarian
Zoltán,Hungarian
Zombor,Hungarian
Zorán,Hungarian
Zsa Zsa,Hungarian
Zsolt,Hungarian
